# Host: 222.43.124.155  (Version: 5.5.15)
# Date: 2016-10-05 17:34:09
# Generator: MySQL-Front 5.3  (Build 4.233)

/*!40101 SET NAMES gb2312 */;

#
# Structure for table "address"
#

CREATE TABLE `address` (
  `Id` int(11) NOT NULL AUTO_INCREMENT,
  `address` varchar(255) DEFAULT NULL COMMENT '地址',
  `zipcode` varchar(10) DEFAULT NULL COMMENT '邮编',
  `isdef` varchar(255) DEFAULT NULL COMMENT '是否默认地址',
  `uid` varchar(11) DEFAULT '' COMMENT '用户id',
  PRIMARY KEY (`Id`)
) ENGINE=InnoDB DEFAULT CHARSET=utf8 COMMENT='收获地址表';

#
# Data for table "address"
#


#
# Structure for table "agency"
#

CREATE TABLE `agency` (
  `uid` int(11) DEFAULT NULL COMMENT '会员ID',
  `parentid` int(11) DEFAULT NULL COMMENT '上级代理会员号',
  `agencylvl` tinyint(3) DEFAULT '0' COMMENT '代理级别',
  `Id` int(11) NOT NULL AUTO_INCREMENT,
  PRIMARY KEY (`Id`)
) ENGINE=InnoDB AUTO_INCREMENT=21 DEFAULT CHARSET=utf8 COMMENT='代理关系表';

#
# Data for table "agency"
#

INSERT INTO `agency` VALUES (2718838,88888,1,17),(77937204,2718838,1,18),(182942,88888,2,19),(182942,2718838,1,20);

#
# Structure for table "assets"
#

CREATE TABLE `assets` (
  `Id` int(11) NOT NULL AUTO_INCREMENT,
  `assets` float(16,2) DEFAULT '0.00' COMMENT '总资产',
  `balance` float(16,2) DEFAULT '0.00' COMMENT '可取现余额',
  `wealth` float(16,2) DEFAULT '0.00' COMMENT '财富点',
  `ts` timestamp NULL DEFAULT CURRENT_TIMESTAMP ON UPDATE CURRENT_TIMESTAMP COMMENT '时间戳',
  PRIMARY KEY (`Id`)
) ENGINE=InnoDB AUTO_INCREMENT=77937205 DEFAULT CHARSET=utf8 COMMENT='财富资产表';

#
# Data for table "assets"
#

INSERT INTO `assets` VALUES (88888,200.00,0.00,0.00,'2016-10-05 14:43:01'),(182942,0.00,0.00,0.00,'2016-09-30 13:57:52'),(2718838,3000.00,0.00,0.00,'2016-10-05 14:49:21'),(77937204,0.00,0.00,0.00,'2016-09-30 13:54:58');

#
# Structure for table "assets_in"
#

CREATE TABLE `assets_in` (
  `Id` int(11) NOT NULL AUTO_INCREMENT,
  `uid` int(11) DEFAULT NULL COMMENT '用户ID',
  `amount` float DEFAULT '0' COMMENT '金额',
  `type` tinyint(2) DEFAULT '0' COMMENT '资产变动类型,1收入佣金，2收入员工福利，3转账收入,4充值',
  `remark` varchar(255) DEFAULT NULL COMMENT '备注',
  `dr` tinyint(1) DEFAULT '0' COMMENT '数据标识',
  `ts` timestamp NULL DEFAULT CURRENT_TIMESTAMP ON UPDATE CURRENT_TIMESTAMP COMMENT '时间戳',
  `oid` int(11) DEFAULT NULL COMMENT '订单id',
  PRIMARY KEY (`Id`)
) ENGINE=InnoDB DEFAULT CHARSET=utf8 COMMENT='资产收入表';

#
# Data for table "assets_in"
#


#
# Structure for table "assets_out"
#

CREATE TABLE `assets_out` (
  `Id` int(11) NOT NULL AUTO_INCREMENT,
  `uid` int(11) DEFAULT NULL COMMENT '用户ID',
  `amount` float DEFAULT '0' COMMENT '金额',
  `remark` varchar(255) DEFAULT NULL COMMENT '备注',
  `dr` tinyint(1) DEFAULT '0' COMMENT '数据标识',
  `ts` timestamp NULL DEFAULT CURRENT_TIMESTAMP ON UPDATE CURRENT_TIMESTAMP COMMENT '时间戳',
  `type` tinyint(2) DEFAULT '0' COMMENT '资产变动类型,1支出佣金，2支出会员福利，3提现支出，4商品购入支出，5转账支出',
  `oid` int(11) DEFAULT NULL COMMENT '订单id',
  PRIMARY KEY (`Id`)
) ENGINE=InnoDB DEFAULT CHARSET=utf8 COMMENT='资产支出表';

#
# Data for table "assets_out"
#


#
# Structure for table "logininfo"
#

CREATE TABLE `logininfo` (
  `id` int(10) NOT NULL AUTO_INCREMENT,
  `userid` varchar(11) DEFAULT NULL COMMENT '会员号',
  `logintime` timestamp NULL DEFAULT CURRENT_TIMESTAMP COMMENT '登录时间',
  `ip` varchar(50) DEFAULT NULL COMMENT '登录ip',
  PRIMARY KEY (`id`)
) ENGINE=InnoDB AUTO_INCREMENT=71 DEFAULT CHARSET=utf8 COMMENT='登录日志表';

#
# Data for table "logininfo"
#

INSERT INTO `logininfo` VALUES (3,'88888','2016-09-28 10:35:17',NULL),(4,'88888','2016-09-28 10:39:42',NULL),(5,'88888','2016-09-28 13:38:19',NULL),(6,'88888','2016-09-28 13:56:47',NULL),(7,'88888','2016-09-28 14:12:01',NULL),(8,'88888','2016-09-28 14:12:09',NULL),(9,'88888','2016-09-28 14:19:30',NULL),(10,'88888','2016-09-28 15:09:13',NULL),(11,'88888','2016-09-28 15:24:57',NULL),(12,'88888','2016-09-28 15:39:07',NULL),(13,'88888','2016-09-28 15:40:53',NULL),(14,'88888','2016-09-28 15:53:27',NULL),(15,'88888','2016-09-28 16:33:59',NULL),(16,'88888','2016-09-28 16:49:06',NULL),(17,'88888','2016-09-28 17:36:42',NULL),(18,'88888','2016-09-28 17:37:47',NULL),(19,'88888','2016-09-29 08:35:35',NULL),(20,'88888','2016-09-29 10:33:39',NULL),(21,'88888','2016-09-29 10:34:15',NULL),(22,'88888','2016-09-29 11:17:52',NULL),(23,'88888','2016-09-29 11:20:36',NULL),(24,'88888','2016-09-29 13:30:48',NULL),(25,'88888','2016-09-29 13:33:48',NULL),(26,'88888','2016-09-29 13:35:05',NULL),(27,'88888','2016-09-29 14:22:05',NULL),(28,'111111','2016-09-29 14:49:10',NULL),(29,'111111','2016-09-29 14:53:57',NULL),(30,'111111','2016-09-29 14:55:58',NULL),(31,'111111','2016-09-29 15:05:20',NULL),(32,'1','2016-09-29 15:14:19',NULL),(33,'1','2016-09-29 15:14:29',NULL),(34,'1','2016-09-29 15:14:41',NULL),(35,'1','2016-09-29 15:15:03',NULL),(36,'1','2016-09-29 16:35:12',NULL),(37,'0','2016-09-29 17:22:36',NULL),(38,'88888','2016-09-29 17:23:49',NULL),(39,'88888','2016-09-30 08:23:58',NULL),(40,'88888','2016-09-30 10:30:42',NULL),(41,'88888','2016-09-30 11:22:14',NULL),(42,'88888','2016-09-30 11:29:55',NULL),(43,'48091','2016-09-30 11:35:09',NULL),(44,'88888','2016-09-30 13:26:02',NULL),(45,'1','2016-09-30 13:28:21',NULL),(46,'88888','2016-09-30 13:31:26',NULL),(47,'1','2016-09-30 13:42:29',NULL),(48,'88888','2016-09-30 13:43:08',NULL),(49,'2766027','2016-09-30 13:47:39',NULL),(50,'88888','2016-09-30 13:53:20',NULL),(51,'2718838','2016-09-30 13:54:49',NULL),(52,'88888','2016-09-30 14:31:48',NULL),(53,'88888','2016-09-30 14:35:03',NULL),(54,'88888','2016-09-30 15:03:55',NULL),(55,'88888','2016-09-30 15:06:19',NULL),(56,'88888','2016-09-30 15:53:09',NULL),(57,'88888','2016-09-30 16:01:33',NULL),(58,'88888','2016-09-30 16:17:09',NULL),(59,'88888','2016-09-30 16:20:18',NULL),(60,'88888','2016-09-30 16:22:17',NULL),(61,'2718838','2016-09-30 16:22:32',NULL),(62,'2718838','2016-09-30 16:25:38',NULL),(63,'2718838','2016-09-30 16:28:48',NULL),(64,'88888','2016-09-30 16:57:41',NULL),(65,'88888','2016-09-30 17:39:56',NULL),(66,'88888','2016-09-30 17:44:25',NULL),(67,'88888','2016-09-30 17:45:45',NULL),(68,'88888','2016-10-05 08:20:53',NULL),(69,'88888','2016-10-05 08:28:16',NULL),(70,'2718838','2016-10-05 08:28:24',NULL),(71,'88888','2016-10-05 09:51:16',NULL),(72,'2718838','2016-10-05 09:57:48',NULL),(73,'2718838','2016-10-05 09:57:54',NULL),(74,'88888','2016-10-05 11:52:32',NULL),(75,'88888','2016-10-05 11:52:39',NULL),(76,'2718838','2016-10-05 11:52:49',NULL),(77,'2718838','2016-10-05 13:09:29',NULL),(78,'88888','2016-10-05 13:09:33',NULL),(79,'88888','2016-10-05 13:55:37',NULL),(80,'2718838','2016-10-05 13:55:48',NULL),(81,'2718838','2016-10-05 13:56:13',NULL),(82,'2718838','2016-10-05 13:56:22',NULL),(83,'88888','2016-10-05 16:57:32',NULL),(84,'2718838','2016-10-05 17:04:35',NULL),(85,'88888','2016-10-05 17:33:42',NULL),(86,'2718838','2016-10-05 17:33:49',NULL);

#
# Structure for table "orders"
#

CREATE TABLE `orders` (
  `oId` int(11) NOT NULL AUTO_INCREMENT COMMENT '主键',
  `oTitle` varchar(255) DEFAULT NULL COMMENT '标题',
  `oDt` datetime DEFAULT NULL COMMENT '生成时间',
  `oSendDt` datetime DEFAULT NULL COMMENT '发出时间',
  `oLastUpdateDt` timestamp NULL DEFAULT CURRENT_TIMESTAMP ON UPDATE CURRENT_TIMESTAMP COMMENT '状态最后一次更新时间',
  `oStatus` tinyint(3) DEFAULT '0' COMMENT '状态，0：未处理 1：订单确认 2：订单发货 3：订单完成 -1:订单取消 -2:订单删除',
  `oNum` varchar(30) DEFAULT NULL COMMENT '订单号',
  `oCount` tinyint(3) DEFAULT '0' COMMENT '数量',
  `oAmountMoney` decimal(10,0) DEFAULT '0' COMMENT '总价值',
  `oPrice` decimal(10,2) DEFAULT '0.00' COMMENT '单价',
  `oUserId` int(11) DEFAULT NULL COMMENT '用户主键',
  `oUserName` varchar(30) DEFAULT NULL COMMENT '用户姓名',
  `pid` int(11) DEFAULT '0' COMMENT '商品ID',
  `oProductTitle` varchar(255) DEFAULT NULL,
  `Opt` varchar(255) DEFAULT NULL COMMENT '备用',
  `OptInt` int(11) DEFAULT NULL COMMENT '备用',
  `Mark` varchar(255) DEFAULT NULL COMMENT '备用',
  `pname` varchar(30) DEFAULT NULL COMMENT '商品名称',
  PRIMARY KEY (`oId`)
) ENGINE=InnoDB AUTO_INCREMENT=4 DEFAULT CHARSET=utf8 COMMENT='订单';

#
# Data for table "orders"
#

INSERT INTO `orders` VALUES (2,NULL,'2016-10-05 00:00:00',NULL,'2016-10-05 00:00:00',0,'1309471490',1,100,100.00,2718838,'2',5,NULL,NULL,NULL,NULL,NULL),(3,NULL,'2016-10-05 13:46:24',NULL,'2016-10-05 13:46:24',0,'1346246629',1,100,100.00,2718838,'2',5,NULL,NULL,NULL,NULL,NULL);

#
# Structure for table "powers"
#

CREATE TABLE `powers` (
  `id` int(10) NOT NULL AUTO_INCREMENT,
  `name` varchar(50) DEFAULT NULL,
  `url` varchar(100) DEFAULT NULL,
  `parentid` int(10) DEFAULT NULL,
  `remark` varchar(200) DEFAULT NULL,
  `orders` tinyint(2) DEFAULT NULL,
  PRIMARY KEY (`id`)
) ENGINE=InnoDB AUTO_INCREMENT=55 DEFAULT CHARSET=utf8 COMMENT='权限表';

#
# Data for table "powers"
#

INSERT INTO `powers` VALUES (1,'系统设置','',0,'',1),(2,'会员管理','',0,'',2),(3,'商品管理','',0,'',3),(4,'订单管理','',0,'',4),(5,'数据统计','',0,'',5),(7,'角色管理','manageRoles.jsp',1,'',1),(8,'密码修改','editpwd.jsp',1,'',2),(9,'会员管理','manageUsers.jsp',2,'',1),(10,'会员审批','approveUsers.jsp',2,'',2),(11,'会员服务中心','serviceCenter.jsp',2,'',3),(12,'商品管理','manageProducts.jsp',3,'',1),(13,'订单查询','manageOrders.jsp',4,'',1),(14,'发货管理','manageExpresses.jsp',4,'',2),(15,'数据统计','',5,'',1),(16,'系统设置','',999,'',1),(17,'会员管理','',999,'',2),(18,'商品管理','',999,'',3),(19,'订单管理','',999,'',4),(20,'资金管理','',999,'',5),(21,'数据统计','',999,NULL,6),(23,'会员服务中心','serviceCenter.jsp',1000,'',1),(46,'密码修改','editpwd.jsp',16,NULL,1),(47,'会员管理','manageUsers.jsp',17,NULL,1),(48,'商品管理','manageProducts.jsp',18,NULL,1),(49,'订单查询','manageOrders.jsp',19,NULL,1),(51,'余额管理','manageBalance.jsp',20,NULL,1),(52,'交易明细','tradeDetails.jsp',20,NULL,2),(53,'收入明细','assetsDetail.jsp',21,NULL,1),(54,'财富框架图','wealth.jsp',21,NULL,2);

#
# Structure for table "product"
#

CREATE TABLE `product` (
  `id` int(11) NOT NULL AUTO_INCREMENT,
  `procode` varchar(50) DEFAULT NULL COMMENT '商品编码',
  `proname` varchar(55) DEFAULT NULL COMMENT '商品名称',
  `propertys` varchar(150) DEFAULT NULL COMMENT '商品属性',
  `picpath` varchar(255) DEFAULT NULL COMMENT '商品图片路径',
  `ts` timestamp NULL DEFAULT CURRENT_TIMESTAMP ON UPDATE CURRENT_TIMESTAMP COMMENT '修改时间',
  `starttime` date DEFAULT NULL COMMENT '上架时间',
  `endtime` date DEFAULT NULL COMMENT '下架时间',
  `price` float DEFAULT '0' COMMENT '商品价格',
  `stock` int(11) DEFAULT '0' COMMENT '库存数量',
  `content` text COMMENT '介绍',
  `salesCount` tinyint(4) DEFAULT NULL COMMENT '销量',
  `isEnabled` bit(1) DEFAULT NULL COMMENT '是否启用',
  PRIMARY KEY (`id`)
) ENGINE=InnoDB AUTO_INCREMENT=8 DEFAULT CHARSET=utf8 COMMENT='商品表';

#
# Data for table "product"
#

INSERT INTO `product` VALUES (5,'2016092815322170487440','商品一','个',NULL,'2016-10-05 08:21:33',NULL,NULL,100,3000,NULL,NULL,NULL),(6,'2016100508220712826300','商品二','个',NULL,'2016-10-05 08:22:07',NULL,NULL,200,3000,NULL,NULL,NULL),(7,'2016100508222886266255','商品三','个',NULL,'2016-10-05 08:22:28',NULL,NULL,300,3000,NULL,NULL,NULL);

#
# Structure for table "roles"
#

CREATE TABLE `roles` (
  `id` int(10) NOT NULL AUTO_INCREMENT,
  `name` varchar(50) DEFAULT NULL,
  `remark` varchar(200) DEFAULT NULL,
  PRIMARY KEY (`id`)
) ENGINE=InnoDB AUTO_INCREMENT=2 DEFAULT CHARSET=utf8 COMMENT='角色表';

#
# Data for table "roles"
#

INSERT INTO `roles` VALUES (0,'管理员',''),(1,'普通用户','默认角色');

#
# Structure for table "rolespowers"
#

CREATE TABLE `rolespowers` (
  `id` int(10) NOT NULL AUTO_INCREMENT,
  `rid` int(10) DEFAULT NULL,
  `pid` int(10) DEFAULT NULL,
  PRIMARY KEY (`id`)
) ENGINE=InnoDB AUTO_INCREMENT=147 DEFAULT CHARSET=utf8 COMMENT='角色权限关联表';

#
# Data for table "rolespowers"
#

INSERT INTO `rolespowers` VALUES (1,1,1),(2,1,2),(3,1,3),(4,1,4),(5,1,5),(6,1,6),(7,1,7),(8,1,8),(9,1,9),(10,1,10),(11,1,11),(12,1,12),(13,1,13),(14,1,14),(15,1,15),(130,0,16),(131,0,17),(132,0,18),(133,0,19),(134,0,20),(135,0,21),(136,0,22),(137,0,23),(138,0,46),(139,0,47),(140,0,48),(141,0,49),(143,0,51),(144,0,52),(145,0,53),(146,0,54);

#
# Structure for table "storecode"
#

CREATE TABLE `storecode` (
  `Id` int(11) NOT NULL AUTO_INCREMENT,
  `scode` varchar(8) DEFAULT NULL COMMENT '店铺号',
  PRIMARY KEY (`Id`)
) ENGINE=InnoDB DEFAULT CHARSET=utf8 COMMENT='店铺号存储表';

#
# Data for table "storecode"
#


#
# Structure for table "ucode"
#

CREATE TABLE `ucode` (
  `ucode` int(10) NOT NULL AUTO_INCREMENT,
  `dr` tinyint(1) DEFAULT '0' COMMENT '数据标识',
  PRIMARY KEY (`ucode`)
) ENGINE=InnoDB AUTO_INCREMENT=97734201 DEFAULT CHARSET=utf8 COMMENT='未分配会员编号表';

#
# Data for table "ucode"
#

INSERT INTO `ucode` VALUES (10271,0),(10979,0),(11202,0),(11554,0),(12323,0),(12484,0),(13520,0),(14018,0),(14299,0),(14333,0),(15710,0),(16656,0),(18596,0),(19863,0),(20041,0),(20276,0),(21547,0),(22442,0),(23721,0),(26290,0),(26335,0),(27109,0),(27215,0),(28371,0),(29762,0),(31743,0),(31972,0),(33909,0),(33957,0),(33960,0),(34173,0),(34315,0),(35717,0),(37179,0),(38217,0),(39466,0),(39795,0),(39936,0),(42733,0),(42792,0),(43055,0),(43176,0),(43270,0),(44204,0),(44481,0),(44559,0),(45837,0),(45859,0),(46785,0),(48091,1),(49346,0),(50107,0),(52265,0),(52508,0),(53784,0),(54046,0),(54144,0),(54289,0),(61213,0),(62050,0),(62373,0),(62506,0),(64450,0),(65335,0),(65476,0),(66169,0),(66676,0),(68674,0),(68990,0),(73090,0),(74517,0),(74620,0),(76730,0),(77606,0),(77609,0),(77880,0),(78005,0),(78255,0),(81089,0),(81441,0),(81615,0),(83657,0),(87911,0),(88376,0),(91302,0),(91406,0),(93262,0),(93625,0),(93893,0),(93934,0),(94121,0),(94205,0),(94977,0),(95623,0),(95645,0),(95777,0),(96031,1),(96374,0),(97389,0),(99246,0),(99319,0),(103537,0),(116758,0),(122888,0),(131164,0),(179163,0),(189244,0),(195202,0),(201531,0),(202846,0),(228406,0),(230007,0),(230231,0),(232246,0),(243113,0),(255414,0),(266209,0),(289449,0),(300405,0),(303548,0),(316726,0),(337428,0),(344277,0),(350857,0),(357042,0),(374725,0),(382510,0),(387799,0),(400124,0),(401004,0),(402377,0),(411797,0),(415596,0),(416845,0),(417064,0),(450077,0),(461839,0),(475524,0),(479445,0),(486759,0),(499739,0),(507418,0),(535591,0),(543622,0),(581383,0),(597380,0),(603130,0),(603545,0),(610672,0),(611083,0),(614857,0),(625936,0),(637066,0),(647035,0),(652432,0),(664731,0),(670916,0),(677612,0),(679742,0),(682723,0),(683424,0),(690104,0),(703416,0),(703754,0),(707700,0),(715911,0),(721452,0),(728688,0),(731242,0),(737446,0),(747993,0),(754035,0),(763801,0),(771548,0),(773637,0),(781508,0),(804585,0),(822153,0),(822744,0),(831932,0),(834031,0),(843263,0),(856223,0),(862396,0),(891849,0),(905143,0),(908190,0),(908487,0),(910334,0),(912219,0),(913466,0),(914769,0),(932967,0),(954282,0),(957274,0),(958990,0),(975851,0),(998535,0),(1192154,0),(1424389,0),(1481588,0),(1641288,0),(1665218,0),(1705652,0),(1732810,0),(2085047,0),(2392396,0),(2598808,0),(2628244,0),(2673104,0),(2718139,0),(2718838,1),(2997170,0),(3012401,0),(3028701,0),(3057026,0),(3228154,0),(3250430,0),(3262658,0),(3328520,0),(3375147,0),(3419995,0),(3531504,0),(3589961,0),(3764436,0),(3788289,0),(3888966,0),(4070890,0),(4237460,0),(4425885,0),(4445376,0),(4483137,0),(4625179,0),(4653938,0),(4666298,0),(4738699,0),(4739839,0),(4791355,0),(4818632,0),(4843207,0),(4937375,0),(4946276,0),(5047983,0),(5065231,0),(5221003,0),(5289353,0),(5382777,0),(5443918,0),(5484875,0),(5500371,0),(5564931,0),(5603522,0),(5770830,0),(5977614,0),(6107644,0),(6338782,0),(6426346,0),(6487301,0),(6518252,0),(6630404,0),(6647552,0),(6659494,0),(6687010,0),(6726818,0),(7010730,0),(7120285,0),(7145204,0),(7226748,0),(7346991,0),(7409989,0),(7516483,0),(7900154,0),(8035399,0),(8066977,0),(8102593,0),(8319014,0),(8405986,0),(8602912,0),(8743968,0),(8804087,0),(8810271,0),(8851446,0),(9047990,0),(9168465,0),(9294768,0),(9313950,0),(9347844,0),(9373577,0),(9387191,0),(9470762,0),(9575935,0),(9634843,0),(9797244,0),(9948828,0),(11239844,0),(15351575,0),(16016929,0),(16097308,0),(16333426,0),(18216565,0),(18314303,0),(19007931,0),(19168787,0),(21730932,0),(22331692,0),(24281762,0),(24348055,0),(25370400,0),(27477704,0),(27772042,0),(28087655,0),(28516687,0),(28923526,0),(29645994,0),(30446862,0),(30759128,0),(31593737,0),(31914706,0),(32133380,0),(32228226,0),(33965796,0),(35428480,0),(35452517,0),(35655423,0),(35724588,0),(36571814,0),(36669735,0),(37149430,0),(37798880,0),(37934797,0),(38928906,0),(40211999,0),(41136923,0),(42986402,0),(44539345,0),(45100420,0),(48005209,0),(48597303,1),(50264243,0),(50829120,0),(50880408,0),(51455979,0),(51653453,0),(52748152,0),(53220431,0),(53661705,0),(54788336,0),(58290199,0),(58651911,0),(60539517,0),(62882212,0),(63366655,0),(63996387,0),(64302044,0),(65140219,0),(68658811,0),(69919679,0),(70579413,0),(70856238,0),(74725774,0),(74820282,0),(75325462,0),(77014972,0),(77142494,0),(78083976,0),(78811031,0),(79335814,0),(80154381,0),(81250792,0),(81683688,0),(82969993,0),(84161494,0),(84797770,0),(85798294,0),(86085540,0),(86791347,0),(87719356,0),(87989835,0),(88288803,0),(90179701,0),(90206091,0),(90690285,0),(91312631,0),(92850943,0),(96879950,0),(97192082,0),(97410105,0),(97734200,0);

#
# Structure for table "users"
#

CREATE TABLE `users` (
  `Id` int(11) NOT NULL AUTO_INCREMENT,
  `name` varchar(20) NOT NULL DEFAULT '' COMMENT '姓名',
  `pwd` varchar(50) NOT NULL DEFAULT '' COMMENT '密码',
  `secpwd` varchar(50) DEFAULT NULL COMMENT '二级密码',
  `age` int(3) DEFAULT NULL COMMENT '年龄',
  `viplvl` int(11) DEFAULT '0' COMMENT '会员级别，0非会员，1普通，2银级，3金级，4钻级',
  `cardid` varchar(20) DEFAULT NULL COMMENT '身份证号',
  `bankcard` varchar(20) DEFAULT NULL COMMENT '银行卡号',
  `phone` varchar(12) DEFAULT NULL COMMENT '手机号',
  `roleid` int(11) DEFAULT '0' COMMENT '角色ID',
  `parentid` int(11) DEFAULT NULL COMMENT '上级代理ID',
  `dr` int(1) DEFAULT '0' COMMENT '数据删除标识',
  `ts` timestamp NULL DEFAULT CURRENT_TIMESTAMP COMMENT '时间戳',
  `nick` varchar(30) DEFAULT NULL COMMENT '昵称',
  `store` varchar(30) DEFAULT NULL COMMENT '专卖店号',
  `isvip` tinyint(1) DEFAULT '0' COMMENT '是否会员',
  PRIMARY KEY (`Id`)
) ENGINE=InnoDB AUTO_INCREMENT=77937205 DEFAULT CHARSET=utf8 COMMENT='用户表';

#
# Data for table "users"
#

INSERT INTO `users` VALUES (88888,'管理员','C4CA4238A0B923820DCC509A6F75849B',NULL,NULL,0,'1','1','1',1,-1,0,'2016-09-27 09:43:10','88888','88888',1),(182942,'4','A87FF679A2F3E71D9181A67B7542122C',NULL,NULL,0,'4','4','4',0,2718838,0,'2016-09-30 13:57:52','4',NULL,1),(2718838,'2','C81E728D9D4C2F636F067F89CC14862C',NULL,NULL,0,'2','2','2',0,88888,0,'2016-09-30 13:53:42','2',NULL,1),(77937204,'3','ECCBC87E4B5CE2FE28308FD9F2A7BAF3',NULL,NULL,0,'3','3','3',0,2718838,0,'2016-09-30 13:54:58','3',NULL,1);

#
# Structure for table "wealth"
#

CREATE TABLE `wealth` (
  `Id` int(11) NOT NULL AUTO_INCREMENT,
  `uid` int(11) DEFAULT NULL COMMENT '用户id',
  `parentid` int(11) DEFAULT NULL COMMENT '上级ID',
  PRIMARY KEY (`Id`)
) ENGINE=InnoDB DEFAULT CHARSET=utf8 COMMENT='财富架构表';

#
# Data for table "wealth"
#

